sample_id,gsm,sample,timepoint,GMP,HSC,Progenitor,Early.Erythrocyte,CD4.Naive,B.Cell,Monocytes,CD4.Memory,CD8.Memory,Early.Basophil,NK,Late.Erythrocyte,CD8.Naive,CD8.Effector,CLP,CD16.Monocytes,Pre.B.Cell,cDC,Plasma,Unknown,pDC
AML16_DX,GSM7494257,AML16,DX,0.2323516353411277,0.22731981648660649,0.15835429924522718,0.14237087464851264,0.060085836909871244,0.04469439100192393,0.023383158206304572,0.02323516353411277,0.018203344679591536,0.017315376646440728,0.01627941394109812,0.012431552464111291,0.008731685659316264,0.00547580287109664,0.003255882788219624,0.003107888116027823,0.001479946721918011,0.0011839573775344087,0.0004439840165754033,0.0001479946721918011,0.0001479946721918011
AML16_REL,GSM7494258,AML16,REL,0.07015192135835567,0.2457551385165326,0.13918677390527256,0.010053619302949061,0.04155495978552279,0.04579982126899017,0.011840929401251117,0.03038427167113494,0.044682752457551385,0.0,0.018543342269883824,0.010277033065236819,0.006478999106344951,0.0017873100983020554,0.2759159964253798,0.0,0.04267202859696157,0.0017873100983020554,0.002234137622877569,0.0008936550491510277,0.0
AML16_REM,GSM7494259,AML16,REM,0.002910925674364448,0.0067921599068503785,0.0,0.011255579274209199,0.2109450805356103,0.0019406171162429653,0.5218319425577334,0.08247622744032602,0.011255579274209199,0.0011643702697457792,0.014166504948573647,0.00019406171162429653,0.031049873859887445,0.02018241800892684,0.00038812342324859306,0.03066175043663885,0.00019406171162429653,0.024839899087909956,0.0,0.006598098195226082,0.02115272656704832
AML6_DX,GSM7494260,AML6,DX,0.4597755650387229,0.05958590169116485,0.09119645961751224,0.007112375533428165,0.06369527422159,0.07333649438912597,0.13734787418997946,0.016753595700964123,0.00474158368895211,0.005847953216374269,0.004425478109688636,0.0,0.008060692271218587,0.002212739054844318,0.00316105579263474,0.001264422317053896,0.010431484115694643,0.04773194246878457,0.002370791844476055,0.000948316737790422,0.0
AML6_REL,GSM7494261,AML6,REL,0.010451661067562523,0.6834639790966779,0.22172452407614782,0.0029861888764464353,0.022583053378126168,0.019783501306457632,0.0033594624860022394,0.010078387458006719,0.0031728256812243376,0.0005599104143337066,0.004292646509891751,0.0001866368047779022,0.0007465472191116088,0.0,0.009891750653228816,0.0001866368047779022,0.0035460992907801418,0.002799552071668533,0.0001866368047779022,0.0,0.0
AML6_REM,GSM7494262,AML6,REM,0.04399888610414926,0.003063213589529379,0.007797270955165692,0.050960735171261484,0.14062935115566694,0.000556947925368978,0.36480089111668057,0.053188526872737396,0.02729044834307992,0.000835421888053467,0.020050125313283207,0.14536340852130325,0.04399888610414926,0.016986911723753828,0.013088276246170982,0.011695906432748537,0.003898635477582846,0.0328599275967697,0.001113895850737956,0.001392369813422445,0.01642996379838485
AML2_DX,GSM7494263,AML2,DX,0.3920535171295358,0.05493614433407663,0.12385972025136834,0.0034461787958645854,0.005676059193188729,0.00608149199270221,0.3067099128319481,0.004662477194405028,0.003040745996351105,0.0028380295965943643,0.0018244475978106628,0.01297384958443138,0.000608149199270221,0.0010135819987837015,0.01844719237786337,0.0,0.014392864382728562,0.03729981755524022,0.0014190147982971822,0.002027163997567403,0.006689641191972431
AML2_REL,GSM7494264,AML2,REL,0.05301941049604601,0.40492451473759883,0.4074406901509705,0.0034148094895758447,0.023184759166067576,0.023544212796549245,0.003055355859094177,0.0066498921639108555,0.007728253055355859,0.0,0.004493170381020848,0.0035945363048166786,0.002336448598130841,0.0014378145219266715,0.042235801581595976,0.00017972681524083394,0.009705248023005032,0.0016175413371675054,0.0,0.0,0.0014378145219266715
AML2_REM,GSM7494265,AML2,REM,0.06902173913043479,0.025,0.02010869565217391,0.035869565217391305,0.11141304347826086,0.0,0.2875,0.029347826086956522,0.02282608695652174,0.002173913043478261,0.02717391304347826,0.21358695652173912,0.04673913043478261,0.005434782608695652,0.04184782608695652,0.020652173913043477,0.006521739130434782,0.013043478260869565,0.0,0.0010869565217391304,0.020652173913043477
AML15_DX,GSM7494266,AML15,DX,0.15371873447076362,0.21898293854563525,0.3306277952625476,0.13069405333775053,0.036607586549610736,0.020043067748881895,0.011098227596488323,0.016730163988736127,0.018055325492794434,0.0028159681961239026,0.026503230081166142,0.010435646844459169,0.006957097896306112,0.010766937220473746,0.0036441941361603446,0.0011595163160510187,0.00016564518800728838,0.0,0.0009938711280437303,0.0,0.0
AML15_REL,GSM7494267,AML15,REL,0.04031184635862331,0.1253089941053432,0.3382772390188249,0.226468910439247,0.0258604297394942,0.0517208594789884,0.0026621030614185207,0.02205742536603917,0.037649743297204795,0.003612854154782278,0.04202319832667808,0.024149077771439438,0.004563605248146035,0.0019015021867275148,0.010838562464346835,0.0013310515307092604,0.03860049439056855,0.0,0.0017113519680547634,0.0005704506560182544,0.00038030043734550294
AML15_REM,GSM7494268,AML15,REM,0.06581858407079647,0.09900442477876106,0.02654867256637168,0.015486725663716814,0.1786504424778761,0.0011061946902654867,0.14103982300884957,0.0702433628318584,0.05807522123893805,0.0,0.024336283185840708,0.1532079646017699,0.019358407079646017,0.04756637168141593,0.03263274336283186,0.007190265486725664,0.0,0.025442477876106196,0.0027654867256637168,0.0022123893805309734,0.0293141592920354
AML3_DX,GSM7494269,AML3,DX,0.24378226184889723,0.16776161426560302,0.1987329892069451,0.002580947911778508,0.014195213514781792,0.00680431722196152,0.22935241670577194,0.010323791647114031,0.007860159549507273,0.0009385265133740028,0.009267949319568277,0.001290473955889254,0.005631159080244017,0.0018770530267480056,0.021586109807602064,0.001290473955889254,0.009267949319568277,0.051853589863913654,0.0,0.003636790239324261,0.011966213045518537
AML3_REM,GSM7494270,AML3,REM,0.026976395653802922,0.0026227051330086175,0.007868115399025852,0.11952041963282128,0.18321468714874484,0.0003746721618583739,0.1476208317721993,0.057699512926189585,0.03934057699512926,0.0003746721618583739,0.04645934807043837,0.2199325590108655,0.031097789434245036,0.016485575121768452,0.03971524915698764,0.012364181341326339,0.016485575121768452,0.013862869988759834,0.0,0.0003746721618583739,0.017609591607343576
AML7_DX,GSM7494271,AML7,DX,0.0,0.1111111111111111,0.027777777777777776,0.027777777777777776,0.5555555555555556,0.16666666666666666,0.05555555555555555,0.027777777777777776,0.0,0.0,0.027777777777777776,0.0,0.0,0.0,0.0,0.0,0.0,0.0,0.0,0.0,0.0
AML7_REL,GSM7494272,AML7,REL,0.24233515329693406,0.05585888282234355,0.22637547249055018,0.00503989920201596,0.07685846283074338,0.02771944561108778,0.23309533809323812,0.039479210415791686,0.01889962200755985,0.0016799664006719867,0.019739605207895843,0.015539689206215875,0.013019739605207897,0.008399832003359933,0.00503989920201596,0.0008399832003359933,0.007559848803023939,0.00041999160016799666,0.0008399832003359933,0.00125997480050399,0.0
AML7_REM,GSM7494273,AML7,REM,0.008570139828597204,0.037889039242219216,0.010374379792512404,0.02616147947677041,0.2449255751014885,0.004961659900766802,0.2534957149300857,0.10464591790708164,0.037437979251240414,0.0009021199819576004,0.03698691926026162,0.10058637798827244,0.02751465944970681,0.02390617952187641,0.011276499774470004,0.007216959855660803,0.0031574199368516014,0.03112313937753721,0.0004510599909788002,0.0013531799729364006,0.02706359945872801
AML8_DX,GSM7494274,AML8,DX,0.10077696526508227,0.007312614259597806,0.7657678244972578,0.003656307129798903,0.07746800731261426,0.006398537477148081,0.002513711151736746,0.004341864716636197,0.0006855575868372943,0.0009140767824497258,0.005941499085923218,0.015996343692870202,0.0009140767824497258,0.0013711151736745886,0.002970749542961609,0.0,0.0015996343692870202,0.0006855575868372943,0.0004570383912248629,0.0,0.00022851919561243144
AML8_REL,GSM7494275,AML8,REL,0.01473725033934458,0.011246848943184022,0.8058949001357378,0.002714756641458212,0.06883847197983324,0.00795035873569905,0.003296490207484972,0.0288927671126624,0.0077564475470234635,0.0,0.004653868528214078,0.025208454527826257,0.006205158037618771,0.0029086678301337987,0.0029086678301337987,0.0,0.0005817335660267597,0.003296490207484972,0.0007756447547023463,0.0,0.0021330230754314523
AML8_REM,GSM7494276,AML8,REM,0.032013201320132016,0.0046204620462046205,0.03564356435643564,0.0372937293729373,0.2145214521452145,0.0,0.3726072607260726,0.10627062706270628,0.012541254125412541,0.0039603960396039604,0.01782178217821782,0.06468646864686468,0.029372937293729372,0.013201320132013201,0.015181518151815182,0.007590759075907591,0.005280528052805281,0.006930693069306931,0.0006600660066006601,0.0033003300330033004,0.0165016501650165
AML20_DX,GSM7494277,AML20,DX,0.14400630914826498,0.1309148264984227,0.1222397476340694,0.04085173501577287,0.013722397476340693,0.05962145110410095,0.3621451104100946,0.006309148264984227,0.0056782334384858045,0.019242902208201892,0.00473186119873817,0.00473186119873817,0.004574132492113565,0.0031545741324921135,0.015772870662460567,0.009936908517350157,0.002523659305993691,0.03675078864353312,0.0015772870662460567,0.004416403785488959,0.007097791798107256
AML20_REM,GSM7494278,AML20,REM,0.06934673366834171,0.013567839195979899,0.008040201005025126,0.02964824120603015,0.1814070351758794,0.001507537688442211,0.21256281407035177,0.04824120603015075,0.033668341708542715,0.001507537688442211,0.019597989949748745,0.2899497487437186,0.023618090452261306,0.008040201005025126,0.023618090452261306,0.0020100502512562816,0.005025125628140704,0.009547738693467337,0.0,0.0010050251256281408,0.018090452261306532
AML5_DX,GSM7494279,AML5,DX,0.2006441834028041,0.0028419856006062904,0.10932171276998863,0.004736642667677151,0.09283819628647215,0.16767715043577114,0.34103827207275483,0.01799924213717317,0.005494505494505495,0.0071996968548692685,0.014399393709738537,0.0035998484274346342,0.01667298219022357,0.0028419856006062904,0.00037893141341417203,0.0015157256536566881,0.00018946570670708602,0.00037893141341417203,0.0,0.010231148162182645,0.0
AML5_REL,GSM7494280,AML5,REL,0.07975314502729647,0.08497507714217897,0.16876335153097555,0.016852599098029906,0.07999050557797294,0.05862805601708996,0.39876572513648234,0.023973415618324233,0.005221932114882507,0.0,0.013054830287206266,0.0059340137669119395,0.0011868027533823878,0.0011868027533823878,0.009019700925706147,0.0009494422027059103,0.04676002848326608,0.0018988844054118206,0.0,0.0014241633040588653,0.001661523854735343
AML5_REM,GSM7494281,AML5,REM,0.055139720558882235,0.06412175648702595,0.04890219560878244,0.06811377245508982,0.17090818363273452,0.000998003992015968,0.1534431137724551,0.023952095808383235,0.014970059880239521,0.000499001996007984,0.016467065868263474,0.13248502994011976,0.027944111776447105,0.0124750499001996,0.09730538922155689,0.011726546906187624,0.004491017964071856,0.030439121756487025,0.0,0.000499001996007984,0.06511976047904192
AML17_DX,GSM7494282,AML17,DX,0.17635968092820883,0.25090645395213923,0.14633792603335752,0.011747643219724439,0.01551849166062364,0.01696881798404641,0.2838288614938361,0.007106598984771574,0.008846990572878898,0.004931109499637419,0.005076142131979695,0.002175489485134155,0.0024655547498187093,0.004496011602610588,0.016388687454677302,0.001595358955765047,0.0017403915881073241,0.03669325598259608,0.0,0.002320522117476432,0.004496011602610588
AML17_REL,GSM7494283,AML17,REL,0.002290825788153158,0.03458056070688339,0.04898003708956038,0.023126431766117596,0.19013854041671213,0.12381367950256354,0.2086833206065234,0.08945129268026618,0.06741573033707865,0.015817606632486093,0.06567033926039054,0.007854259845096542,0.012544998363695865,0.01985382349732737,0.009490563979491655,0.040798516417584814,0.005999781826115414,0.021817388458601504,0.0013090433075160903,0.006981564306752482,0.0033816952110832335
AML1_REM,GSM7494284,AML1,REM,0.08202914193200216,0.08229897463572584,0.6403130059363195,0.0029681597409606042,0.058014031300593634,0.03372908796546142,0.033998920669185105,0.016999460334592553,0.009174311926605505,0.009444144630329197,0.0124123043712898,0.007015650296815974,0.003507825148407987,0.004317323259579061,0.0,0.0008094981111710739,0.0002698327037236913,0.0018888289260658392,0.0,0.0008094981111710739,0.0
AML1_DX,GSM7494285,AML1,DX,0.06466692637319829,0.029606544604596805,0.02999610440202571,0.02999610440202571,0.031164783794312426,0.0007791195948578107,0.12699649396182314,0.014803272302298403,0.0218153486560187,0.0007791195948578107,0.005453837164004675,0.14920140241527075,0.009349435138293729,0.003506038176860148,0.32684067004285156,0.005453837164004675,0.08998831320607713,0.016361511492014025,0.0,0.0007791195948578107,0.04246201791975068
AML27_DX,GSM7494286,AML27,DX,0.11890243902439024,0.133130081300813,0.1402439024390244,0.020071138211382115,0.024136178861788617,0.03836382113821138,0.24491869918699186,0.015497967479674796,0.008638211382113821,0.008384146341463415,0.02032520325203252,0.0010162601626016261,0.0020325203252032522,0.0017784552845528454,0.022357723577235773,0.008130081300813009,0.01016260162601626,0.02108739837398374,0.00025406504065040653,0.006859756097560976,0.15370934959349594
AML27_REL,GSM7494287,AML27,REL,0.12406779661016949,0.03593220338983051,0.15638418079096045,0.03774011299435028,0.013333333333333334,0.0011299435028248588,0.08926553672316384,0.009265536723163843,0.00903954802259887,0.000903954802259887,0.01943502824858757,0.12700564971751413,0.0024858757062146894,0.004971751412429379,0.04994350282485876,0.005875706214689265,0.02327683615819209,0.02440677966101695,0.00022598870056497175,0.0,0.26531073446327685
AML27_REM,GSM7494288,AML27,REM,0.005844447774614117,0.0008991458114790948,0.0005994305409860632,0.0026974374344372848,0.4193016634197512,0.0020980068934512213,0.17233628053349317,0.1251311254308407,0.043158998950996556,0.0001498576352465158,0.09231230331185374,0.0004495729057395474,0.061291772815824964,0.01828263150007493,0.002247864528697737,0.01363704480743294,0.004046156151655927,0.011239322643488685,0.0010490034467256107,0.007343024127079274,0.015884909336130675
AML9_DX,GSM7494289,AML9,DX,0.06597753956100051,0.003445635528330781,0.019652884124553342,0.0016590096988259315,0.025523226135783564,0.031138335885655948,0.8080653394589076,0.007656967840735069,0.006253190403266973,0.0005104645227156713,0.012123532414497193,0.0007656967840735069,0.004338948443083206,0.002169474221541603,0.0005104645227156713,0.001276161306789178,0.00025523226135783564,0.0031904032669729456,0.0005104645227156713,0.0049770290964777945,0.0
AML9_REL,GSM7494290,AML9,REL,0.03340909090909091,0.041363636363636366,0.0525,0.0029545454545454545,0.38977272727272727,0.115,0.09909090909090909,0.095,0.05045454545454545,0.00022727272727272727,0.05613636363636364,0.02090909090909091,0.014318181818181818,0.004318181818181818,0.010227272727272727,0.0025,0.010227272727272727,0.0009090909090909091,0.0,0.0006818181818181819,0.0
AML9_REM,GSM7494291,AML9,REM,0.011606819006166122,0.0003627130939426913,0.002176278563656148,0.0029017047515415306,0.2593398621690243,0.0003627130939426913,0.14109539354370693,0.12005803409503082,0.06964091403699674,0.0,0.10700036271309395,0.02974247370330069,0.07653246282190787,0.08015959376133479,0.0025389916575988395,0.030467899891186073,0.0003627130939426913,0.025752629669931085,0.0,0.0025389916575988395,0.03735944867609721
AML10_DX,GSM7494292,AML10,DX,0.2604659973479826,0.10835385489676075,0.29532108353854897,0.004167455957567721,0.009471490812653912,0.029929910967986362,0.21538170107974997,0.0020837279787838604,0.0020837279787838604,0.0043568857738207995,0.002652017427543095,0.0,0.0028414472437961733,0.00037885963250615644,0.01401780640272779,0.0005682894487592347,0.025004735745406327,0.017995832544042432,0.0,0.004925175222580034,0.0
AML10_REL,GSM7494293,AML10,REL,0.1569767441860465,0.28604651162790695,0.17906976744186046,0.03527131782945737,0.008914728682170543,0.013565891472868217,0.1697674418604651,0.008914728682170543,0.009689922480620155,0.03798449612403101,0.004651162790697674,0.034108527131782945,0.0,0.0011627906976744186,0.015116279069767442,0.0,0.003875968992248062,0.034496124031007755,0.0,0.0,0.0003875968992248062
AML10_REM,GSM7494294,AML10,REM,0.02671614100185529,0.010760667903525046,0.009647495361781076,0.13432282003710574,0.0679035250463822,0.0,0.2597402597402597,0.03784786641929499,0.01818181818181818,0.0007421150278293135,0.016697588126159554,0.3235621521335807,0.01855287569573284,0.010018552875695733,0.01261595547309833,0.012244897959183673,0.0018552875695732839,0.014842300556586271,0.0,0.001484230055658627,0.022263450834879406
AML11_DX,GSM7494295,AML11,DX,0.17246080436264485,0.008316291751874575,0.49147920927062033,0.005316973415132925,0.12324471710974778,0.016768916155419224,0.018404907975460124,0.04376278118609407,0.007361963190184049,0.000136332651670075,0.007089297886843899,0.03135650988411725,0.05248807089297887,0.006134969325153374,0.007225630538513974,0.0,0.007089297886843899,0.0,0.0,0.0013633265167007499,0.0
AML11_REL,GSM7494296,AML11,REL,0.0010759115361625821,0.00011954572624028691,0.0031081888822474596,0.00011954572624028691,0.6356246264196055,0.09527794381350867,0.0007172743574417215,0.07005379557680813,0.07232516437537358,0.0005977286312014345,0.021398684997011357,0.0,0.0649133293484758,0.01697549312612074,0.002630005977286312,0.00035863717872086073,0.005618649133293485,0.00011954572624028691,0.008248655110579798,0.00047818290496114764,0.00023909145248057382
AML11_REM,GSM7494297,AML11,REM,0.003076923076923077,0.07438914027149321,0.01248868778280543,0.025158371040723982,0.03819004524886878,0.0,0.502262443438914,0.1453393665158371,0.0036199095022624436,0.0027149321266968325,0.0448868778280543,0.0021719457013574662,0.005972850678733032,0.004524886877828055,0.008506787330316743,0.04542986425339367,0.001990950226244344,0.05176470588235294,0.0,0.007601809954751132,0.019909502262443438
AML4_DX,GSM7494298,AML4,DX,0.17184527584020293,0.14542380046501796,0.20651025153244557,0.010145846544071021,0.04755865567533291,0.04777002747833439,0.2859860494610019,0.009088987529063623,0.0014796026210103573,0.0006341154090044388,0.0019023462270133164,0.0012682308180088776,0.0031705770450221942,0.0025364616360177552,0.029380680617205664,0.016909744240118367,0.006763897696047347,0.00549566687803847,0.0002113718030014796,0.0014796026210103573,0.004438807863031071
AML4_REL,GSM7494299,AML4,REL,0.06692913385826772,0.09609878310665712,0.4609878310665712,0.004473872584108805,0.015211166785969935,0.050465282748747314,0.0041159627773801,0.006263421617752327,0.0041159627773801,0.00035790980672870435,0.006084466714387974,0.009663564781675018,0.004831782390837509,0.0005368647100930566,0.21564065855404438,0.006979241231209735,0.03364352183249821,0.0017895490336435219,0.0,0.0,0.011811023622047244
AML22_DX,GSM7494300,AML22,DX,0.07721567135793077,0.1797895270698618,0.5625713198934956,0.054646887282870545,0.03410675795613034,0.006212755166730062,0.00012679092177000128,0.018511474578420187,0.003803727653100038,0.0502092050209205,0.002916191200710029,0.0035501458095600355,0.003676936731330037,0.002282236591860023,0.0003803727653100038,0.0,0.0,0.0,0.0,0.0,0.0
AML22_REL,GSM7494301,AML22,REL,0.019719070772555376,0.051323608860075635,0.6839546191247974,0.009184224743381956,0.06428957320367369,0.045921123716909776,0.0008103727714748784,0.024581307401404646,0.02701242571582928,0.0021609940572663426,0.031334413830361965,0.0016207455429497568,0.011885467314964884,0.01620745542949757,0.002971366828741221,0.001350621285791464,0.0032414910858995136,0.0,0.0021609940572663426,0.0002701242571582928,0.0
AML22_REM,GSM7494302,AML22,REM,0.09111918124793661,0.02575107296137339,0.050181578078573784,0.006602839220864972,0.09706173654671509,0.00462198745460548,0.29844833278309674,0.03334433806536811,0.00957411687025421,0.00231099372730274,0.019808517662594914,0.16606140640475403,0.0075932651039947174,0.011224826675470452,0.05348299768900627,0.027401782766589635,0.01617695609111918,0.03334433806536811,0.0,0.0036315615714757345,0.04225817101353582
AML21_DX,GSM7494303,AML21,DX,0.10218428320361536,0.29349736379613356,0.0690434345970374,0.07632437860908863,0.060507155410494604,0.024855636454933466,0.23474767762992718,0.013055485814712529,0.008787346221441126,0.0035149384885764497,0.005272407732864675,0.02786844087371328,0.003263871453678132,0.004017072558373086,0.012302284710017574,0.00025106703489831785,0.0037660055234747677,0.047953803665578706,0.0,0.0012553351744915891,0.007532011046949535
AML21_REL,GSM7494304,AML21,REL,0.159375,0.2822265625,0.223046875,0.0296875,0.0072265625,0.000390625,0.1513671875,0.005859375,0.01171875,0.0005859375,0.03125,0.008203125,0.001171875,0.004296875,0.0185546875,0.0330078125,0.0115234375,0.0140625,0.0,0.0025390625,0.00390625
AML21_REM,GSM7494305,AML21,REM,0.08175355450236967,0.15165876777251186,0.11255924170616113,0.05173775671406003,0.08925750394944708,0.00039494470774091627,0.09636650868878358,0.030015797788309637,0.01263823064770932,0.002764612954186414,0.00315955766192733,0.32306477093206953,0.011453396524486572,0.006714060031595577,0.012243285939968405,0.00039494470774091627,0.007898894154818325,0.0035545023696682463,0.0,0.00039494470774091627,0.0019747235387045812
AML24_DX,GSM7494306,AML24,DX,0.27660183066361554,0.2811784897025172,0.10955377574370709,0.03318077803203661,0.013729977116704805,0.008152173913043478,0.16018306636155608,0.006578947368421052,0.006006864988558352,0.004290617848970252,0.005005720823798627,0.015017162471395881,0.0015732265446224256,0.006864988558352402,0.013729977116704805,0.0011441647597254005,0.0005720823798627002,0.04891304347826087,0.0010011441647597254,0.002145308924485126,0.004576659038901602
AML24_REL,GSM7494307,AML24,REL,0.014394580863674851,0.04149026248941575,0.15071972904318373,0.04657070279424217,0.07959356477561388,0.09398814563928874,0.08721422523285352,0.011854360711261643,0.010160880609652836,0.003386960203217612,0.08806096528365792,0.23539373412362405,0.001693480101608806,0.001693480101608806,0.026248941574936496,0.02286198137171888,0.08128704487722269,0.001693480101608806,0.0,0.0,0.001693480101608806
AML24_REM,GSM7494308,AML24,REM,0.019673503557974047,0.010046044370029301,0.011720385098367517,0.016743407283382167,0.3151946421096693,0.0008371703641691084,0.07660108832147342,0.135203013813311,0.07492674759313521,0.0012557555462536626,0.06111343658434491,0.14190037672666386,0.05064880703223106,0.025115110925073254,0.01799916282963583,0.016324822101297615,0.0029300962745918793,0.00795311845960653,0.006697362913352867,0.0,0.007115948095437421
AML23_DX,GSM7494309,AML23,DX,0.051663128096249115,0.11464968152866242,0.11394196744515216,0.016985138004246284,0.29582448690728946,0.14578910120311395,0.012738853503184714,0.055201698513800426,0.021939136588818117,0.0014154281670205238,0.04600141542816702,0.004953998584571833,0.012738853503184714,0.005661712668082095,0.0537862703467799,0.0,0.007077140835102618,0.012738853503184714,0.0,0.0,0.02689313517338995
AML23_REL,GSM7494310,AML23,REL,0.20563415239513527,0.29908165797964753,0.22896500372300818,0.010796723752792257,0.006949615289153636,0.024075452965996526,0.14743112434847358,0.0031025068255150163,0.004343509555721023,0.0035989079175974188,0.015140233308513279,0.0,0.001737403822288409,0.0033507073715562173,0.00967982129560685,0.021965748324646314,0.0002482005460412013,0.0029784065524944155,0.00037230081906180194,0.010176222387689253,0.00037230081906180194
AML23_REM,GSM7494311,AML23,REM,0.033343769567939885,0.008296806512210394,0.010801502817783344,0.022855353788353162,0.3234189104571071,0.00015654351909830932,0.2683155917345022,0.05964308077645585,0.015497808390732623,0.000469630557294928,0.013149655604257984,0.06496556042579837,0.03991859737006888,0.010644959298685034,0.032091421415153414,0.036944270507201005,0.0167501565435191,0.027238572323105822,0.00015654351909830932,0.0021916092673763305,0.013149655604257984
AML28_REL,GSM7494312,AML28,REL,0.0554290053151101,0.3298405466970387,0.15216400911161732,0.01457858769931663,0.0510250569476082,0.031738800303720574,0.0030372057706909645,0.028701594533029614,0.05497342444950645,0.0007593014426727411,0.07668944570994685,0.0340167046317388,0.006226271829916477,0.009111617312072893,0.13211845102505695,0.0019741837509491267,0.01108580106302202,0.00015186028853454822,0.0,0.0006074411541381929,0.005770690964312832
AML28_REM,GSM7494313,AML28,REM,0.026,0.012,0.006,0.12,0.102,0.0,0.27,0.13,0.074,0.0,0.056,0.036,0.004,0.082,0.002,0.008,0.008,0.034,0.0,0.0,0.03
AML14_DX,GSM7494314,AML14,DX,0.16868307606730634,0.058128215825337226,0.6100681407314699,0.02920317062995411,0.014184397163120567,0.01446252259769156,0.009456264775413711,0.00917813934084272,0.013071895424836602,0.018634404116256432,0.014045334445835072,0.014045334445835072,0.0012515644555694619,0.00361563064942289,0.009734390209984702,0.00041718815185648727,0.010985954665554165,0.0002781254345709915,0.000556250869141983,0.0,0.0
AML14_REM,GSM7494315,AML14,REM,0.03879026955950033,0.02827087442472058,0.011834319526627219,0.06443129520052597,0.02695595003287311,0.0006574621959237344,0.22024983563445102,0.022353714661406968,0.03944773175542406,0.0039447731755424065,0.009861932938856016,0.4148586456278764,0.013149243918474688,0.006574621959237344,0.01051939513477975,0.015121630506245891,0.0019723865877712033,0.014464168310322156,0.01972386587771203,0.0,0.036817882971729124
AML25_DX,GSM7494316,AML25,DX,0.04416251806648466,0.23526577806327284,0.21711899791231734,0.21085594989561587,0.04191424441946363,0.013329050907339008,0.12670627910711418,0.012204914083828488,0.006423638991488678,0.05171029388148386,0.010117231411594669,0.0011241368235105186,0.005138911193190943,0.004014774369680424,0.00048177292436165086,0.01638027942829613,0.0,0.0014453187730849527,0.0,0.0003211819495744339,0.0012847277982977357
AML25_REL,GSM7494317,AML25,REL,0.10455486542443064,0.030227743271221533,0.512008281573499,0.04389233954451346,0.02443064182194617,0.023809523809523808,0.02008281573498965,0.012215320910973085,0.015942028985507246,0.0055900621118012426,0.009730848861283644,0.12028985507246377,0.012008281573498964,0.007039337474120083,0.010766045548654244,0.004968944099378882,0.03643892339544513,0.002277432712215321,0.0,0.0,0.0037267080745341614
AML25_REM,GSM7494318,AML25,REM,0.03121852970795569,0.01787512588116818,0.007804632426988922,0.01283987915407855,0.13872104733131924,0.0022658610271903325,0.23992950654582074,0.059415911379657606,0.036505538771399795,0.0005035246727089627,0.0377643504531722,0.26586102719033233,0.02416918429003021,0.02240684793554884,0.0256797583081571,0.021399798590130917,0.0017623363544813696,0.022658610271903322,0.00025176233635448137,0.0027693856998992953,0.028197381671701913
AML26_DX,GSM7494319,AML26,DX,0.03853442830069488,0.07997473152242578,0.6539481996209728,0.03954516740366393,0.01162349968414403,0.006317119393556538,0.004295641187618446,0.03272267845862287,0.003790271636133923,0.027795325331648767,0.004927353126974099,0.0048010107391029695,0.0010107391029690461,0.001137081490840177,0.08679722046746684,0.0,0.002147820593809223,0.0,0.0006317119393556538,0.0,0.0
AML26_REL,GSM7494320,AML26,REL,0.21107887829810748,0.23166183174471613,0.44950960077358754,0.0280425473131648,0.007735875120873049,0.009393562646774416,0.013123359580052493,0.00663075010360547,0.012432656444260257,0.008841000138140627,0.006907031357922365,0.0024865312888520514,0.0017958281530598148,0.0016576875259013675,0.0038679375604365246,0.0002762812543168946,0.004420500069070314,0.0,0.0,0.0001381406271584473,0.0
AML26_REM,GSM7494321,AML26,REM,0.05514950166112957,0.003654485049833887,0.009302325581395349,0.010299003322259137,0.17408637873754154,0.000664451827242525,0.25681063122923586,0.05083056478405316,0.05514950166112957,0.0003322259136212625,0.05083056478405316,0.17308970099667775,0.026578073089700997,0.022591362126245847,0.018604651162790697,0.03820598006644518,0.008305647840531562,0.017940199335548173,0.0019933554817275745,0.0033222591362126247,0.022259136212624583
AML19_DX,GSM7494322,AML19,DX,0.12917551650897857,0.3421509944004634,0.19134968140567676,0.023363583703417647,0.018150222050588916,0.011585248117397182,0.19115659393705348,0.0054064491214520175,0.0034755744352191545,0.011392160648773894,0.006564973933191736,0.004054836841089014,0.004441011778335586,0.0021239621548561497,0.011392160648773894,0.008882023556671172,0.004247924309712299,0.02606680826414366,0.00019308746862328635,0.0021239621548561497,0.0027032245607260088
AML19_REL,GSM7494323,AML19,REL,0.1284562211981567,0.15725806451612903,0.15668202764976957,0.03513824884792627,0.056451612903225805,0.04953917050691244,0.1152073732718894,0.021889400921658985,0.009216589861751152,0.018433179723502304,0.013824884792626729,0.03052995391705069,0.019585253456221197,0.001152073732718894,0.04205069124423963,0.0069124423963133645,0.04953917050691244,0.04665898617511521,0.001152073732718894,0.00576036866359447,0.03456221198156682
AML18_DX,GSM7494324,AML18,DX,0.1248642779587405,0.15418023887079263,0.12323561346362649,0.004207383279044517,0.027415852334419108,0.009907709011943539,0.3988870792616721,0.006243213897937025,0.0023072747014115094,0.0031216069489685126,0.002171552660152009,0.0002714440825190011,0.009907709011943539,0.0006786102062975027,0.009771986970684038,0.010993485342019544,0.00760043431053203,0.0726112920738328,0.004478827361563518,0.003528773072747014,0.023615635179153095
AML18_REL,GSM7494325,AML18,REL,0.029484902309058616,0.17406749555950266,0.0802841918294849,0.04937833037300177,0.06358792184724689,0.36980461811722914,0.015630550621669625,0.02557726465364121,0.020959147424511545,0.008170515097690942,0.035523978685612786,0.036589698046181174,0.006039076376554174,0.010657193605683837,0.046181172291296625,0.003197158081705151,0.01705150976909414,0.0,0.00035523978685612787,0.0007104795737122557,0.00674955595026643
AML12_DX,GSM7494326,AML12,DX,0.2685489166119501,0.07196323046618516,0.13578463558765594,0.056730137885751805,0.003939592908732764,0.015364412344057781,0.3541694024950755,0.005384110308601445,0.0009192383453709783,0.032304661851608664,0.004990151017728168,0.0006565988181221273,0.0009192383453709783,0.0009192383453709783,0.004464871963230466,0.02298095863427446,0.00958634274458306,0.008404464871963231,0.0,0.001969796454366382,0.0
AML12_REL,GSM7494327,AML12,REL,0.11673068715322236,0.38561673068715324,0.20507895860008535,0.04929577464788732,0.039265898420828,0.019632949210414,0.013444302176696543,0.01643192488262911,0.017498932991890738,0.012163892445582587,0.018139137857447717,0.017072129748186088,0.007469056764831413,0.006188647033717456,0.06145966709346991,0.0006402048655569782,0.012163892445582587,0.0010670081092616305,0.0006402048655569782,0.0,0.0
AML12_REM,GSM7494328,AML12,REM,0.0835875533862111,0.06924954240390482,0.003965832824893227,0.013117754728492984,0.08572300183038438,0.0018303843807199512,0.34777303233679074,0.0424039048200122,0.029591214154972543,0.0003050640634533252,0.03813300793166565,0.09365466748017083,0.013422818791946308,0.009762050030506406,0.025625381330079317,0.004270896888346553,0.010067114093959731,0.05979255643685174,0.0024405125076266015,0.0018303843807199512,0.06345332519829164
AML13_DX,GSM7494329,AML13,DX,0.07301587301587302,0.16848072562358277,0.14285714285714285,0.027891156462585033,0.22448979591836735,0.060090702947845805,0.06666666666666667,0.13151927437641722,0.013605442176870748,0.017913832199546485,0.007029478458049887,0.030385487528344673,0.015419501133786848,0.007482993197278911,0.007482993197278911,0.0027210884353741495,0.00045351473922902497,0.00045351473922902497,0.0013605442176870747,0.00045351473922902497,0.00022675736961451248
AML13_REL,GSM7494330,AML13,REL,0.04855220824802574,0.240567417373501,0.3897338403041825,0.0545481134834747,0.048259725065808716,0.07984790874524715,0.005118455688797894,0.019011406844106463,0.011114360924246856,0.029394559812810764,0.016525299795261773,0.015209125475285171,0.00467973091547236,0.005557180462123428,0.012138052062006435,0.0002924831822170225,0.01725650775080433,0.000584966364434045,0.00014624159110851126,0.0004387247733255338,0.0010236911377595789
AML13_REM,GSM7494331,AML13,REM,0.07267751254371294,0.009274745324616087,0.02584765090466778,0.20860574730120116,0.11905123916679337,0.0012163600425726016,0.07921544777254068,0.02493538087273833,0.010795195377831837,0.0001520450053215752,0.002432720085145203,0.17439562110384674,0.006994070244792459,0.003192945111753079,0.17485175611981146,0.003192945111753079,0.060057777102022196,0.01231564543104759,0.0001520450053215752,0.00045613501596472556,0.010187015356545537
